{"_id":"Continuous Improvement:  How It Works and How to Master It","author":"David","access":"Public","content":"Let's define continuous improvement. Continuous improvement is a dedication to making small changes and improvements every day, with the expectation that those small improvements will add up to something significant.\r\n\r\nThe typical approach to self-improvement is to set a large goal, then try to take big leaps in order to accomplish the goal in as little time as possible. While this may sound good in theory, it often ends in burnout, frustration, and failure. Instead, we should focus on continuous improvement by slowly and slightly adjusting our normal everyday habits and behaviors.\r\n\r\nIt is so easy to dismiss the value of making slightly better decisions on a daily basis. Sticking with the fundamentals is not impressive. Falling in love with boredom is not sexy. Getting one percent better isn't going to make headlines.","subscriberList":[]}
{"_id":"Creativity:  How to Unlock Your Hidden Creative Genius","author":"David","access":"Subscribers Only","content":"Read this guide and discover the creative strategies of the greatest artists, musicians, and writers in the worldÂPablo Picasso, Franz Kafka, Dr. Seuss and many more.\r\n\r\nThe full guide is packed with 36 pages of information on how creativity works, how to overcome the mental blocks that all artists face, and how to make creative thinking a habit.","subscriberList":["Shree"]}
{"_id":"The Decision Making Guide: How to Make Smart Decisions and Avoid Bad Ones","author":"David","access":"Subscribers Only","content":"What is Decision Making?\r\nLet's define decision making. Decision making is just what it sounds like: the action or process of making decisions. Sometimes we make logical decisions, but there are many times when we make emotional, irrational, and confusing choices. This page covers why we make poor decisions and discusses useful frameworks to expand your decision-making toolbox.\r\n\r\nWhy We Make Poor Decisions\r\nI like to think of myself as a rational person, but Im not one. The good news is its not just me  or you. We are all irrational. For a long time, researchers and economists believed that humans made logical, well-considered decisions. In recent decades, however, researchers have uncovered a wide range of mental errors that derail our thinking. The articles below outline where we often go wrong and what to do about it.","subscriberList":["Shree"]}
{"_id":"The Habits Guide: How to Build Good Habits and Break Bad Ones","author":"Shubham","access":"Public","content":"Change your life the easy way with this scientificallyÃÂbacked resource. The full guide is packed with 45 pages of information about the science of how to stick to good habits and break bad habits.","subscriberList":["Shree"]}
{"_id":"Motivation: The Scientific Guide on How to Get and Stay Motivated","author":"Shubham","access":"Subscribers Only","content":"Motivation is a powerful, yet tricky beast. Sometimes it is really easy to get motivated, and you find yourself wrapped up in a whirlwind of excitement. Other times, it is nearly impossible to figure out how to motivate yourself and you're trapped in a death spiral of procrastination. This page contains the best ideas and most useful research on how to get and stay motivated.","subscriberList":["Shree"]}
